-- phpMyAdmin SQL Dump
-- version 4.5.1
-- http://www.phpmyadmin.net
--
-- Host: 127.0.0.1
-- Generation Time: 23 Des 2018 pada 18.11
-- Versi Server: 10.1.13-MariaDB
-- PHP Version: 5.6.23

SET SQL_MODE = "NO_AUTO_VALUE_ON_ZERO";
SET time_zone = "+00:00";


/*!40101 SET @OLD_CHARACTER_SET_CLIENT=@@CHARACTER_SET_CLIENT */;
/*!40101 SET @OLD_CHARACTER_SET_RESULTS=@@CHARACTER_SET_RESULTS */;
/*!40101 SET @OLD_COLLATION_CONNECTION=@@COLLATION_CONNECTION */;
/*!40101 SET NAMES utf8mb4 */;

--
-- Database: `db_idpangandaran`
--

-- --------------------------------------------------------

--
-- Struktur dari tabel `categories`
--

CREATE TABLE `categories` (
  `id` int(10) NOT NULL,
  `id_domain` int(10) NOT NULL,
  `nama_categorie` varchar(100) NOT NULL,
  `url_categorie` varchar(150) NOT NULL,
  `sub_categorie` int(10) NOT NULL,
  `created_at` datetime NOT NULL,
  `updated_at` datetime NOT NULL
) ENGINE=InnoDB DEFAULT CHARSET=latin1;

--
-- Dumping data untuk tabel `categories`
--

INSERT INTO `categories` (`id`, `id_domain`, `nama_categorie`, `url_categorie`, `sub_categorie`, `created_at`, `updated_at`) VALUES
(1, 1, 'Uncategory', 'uncategory', 0, '2018-12-20 00:00:00', '2018-12-20 00:00:00'),
(2, 1, 'Hotel', 'hotel', 0, '2018-12-20 02:04:49', '2018-12-20 02:04:49'),
(3, 1, 'Travel', 'travel', 0, '2018-12-20 02:04:52', '2018-12-20 02:04:52'),
(4, 1, 'Destinasi', 'destinasi', 0, '2018-12-20 02:04:57', '2018-12-20 02:04:57'),
(5, 2, 'Info Pangandaran', 'info-pangandaran', 0, '2018-12-20 02:05:10', '2018-12-22 19:23:57'),
(7, 2, 'Politik', 'politik', 0, '2018-12-22 18:56:12', '2018-12-22 18:56:12'),
(8, 2, 'Olah Raga', 'olah-raga', 0, '2018-12-22 18:56:18', '2018-12-22 18:56:18'),
(9, 2, 'Budaya', 'budaya', 0, '2018-12-22 18:56:24', '2018-12-22 18:56:24'),
(10, 2, 'Pendidikan', 'pendidikan', 0, '2018-12-22 18:56:28', '2018-12-22 18:56:28'),
(11, 3, 'Jejak', 'jejak', 0, '2018-12-22 18:57:14', '2018-12-22 18:57:14'),
(12, 3, 'Guide Tips', 'guide-tips', 0, '2018-12-22 18:57:38', '2018-12-22 18:57:38'),
(13, 1, 'Wisata Pangandaran', 'wisata-pangandaran', 0, '2018-12-22 23:44:35', '2018-12-22 23:44:35');

-- --------------------------------------------------------

--
-- Struktur dari tabel `domains`
--

CREATE TABLE `domains` (
  `id` int(10) NOT NULL,
  `domain` varchar(191) NOT NULL,
  `route` varchar(191) NOT NULL,
  `created_at` datetime NOT NULL,
  `updated_at` datetime NOT NULL
) ENGINE=InnoDB DEFAULT CHARSET=latin1;

--
-- Dumping data untuk tabel `domains`
--

INSERT INTO `domains` (`id`, `domain`, `route`, `created_at`, `updated_at`) VALUES
(1, 'ID Pangandaran', 'portal', '2018-12-22 14:10:19', '2018-12-22 19:54:03'),
(2, 'News', 'news', '2018-12-22 14:11:52', '2018-12-22 19:53:10'),
(3, 'Guide', 'guide', '2018-12-22 14:12:01', '2018-12-22 19:54:10');

-- --------------------------------------------------------

--
-- Struktur dari tabel `menus`
--

CREATE TABLE `menus` (
  `id` int(10) NOT NULL,
  `id_domain` int(10) NOT NULL,
  `nama_menu` varchar(50) NOT NULL,
  `url_menu` text,
  `type_menu` int(10) NOT NULL,
  `sort_menu` int(11) NOT NULL,
  `created_at` datetime NOT NULL,
  `updated_at` datetime NOT NULL
) ENGINE=InnoDB DEFAULT CHARSET=latin1;

--
-- Dumping data untuk tabel `menus`
--

INSERT INTO `menus` (`id`, `id_domain`, `nama_menu`, `url_menu`, `type_menu`, `sort_menu`, `created_at`, `updated_at`) VALUES
(26, 1, 'Info Pangandaran', '#', 1, 0, '2018-12-21 16:04:07', '2018-12-22 16:00:27'),
(27, 1, 'Wisata Pangandaran', '#', 1, 1, '2018-12-21 16:04:40', '2018-12-22 16:00:27'),
(28, 1, 'Hotel & Penginapan', '#', 1, 2, '2018-12-21 16:05:00', '2018-12-22 16:00:27'),
(29, 1, 'Guide', '#', 1, 3, '2018-12-21 16:05:24', '2018-12-22 16:00:27'),
(30, 1, 'Cattering', '#', 1, 5, '2018-12-21 16:06:10', '2018-12-22 16:00:27'),
(31, 1, 'Buka id', '#', 1, 4, '2018-12-21 16:06:34', '2018-12-22 16:00:27'),
(32, 1, 'Photo', '#', 1, 6, '2018-12-21 16:07:13', '2018-12-22 16:00:27'),
(33, 1, 'Video', '#', 1, 7, '2018-12-21 16:07:26', '2018-12-22 16:00:27'),
(34, 1, 'Blog', '#', 1, 8, '2018-12-21 16:07:41', '2018-12-22 16:00:27'),
(35, 1, 'Berita Pangandaran', 'https://news.idpnd.com', 2, 0, '2018-12-21 16:08:31', '2018-12-22 18:19:59'),
(36, 1, 'Cuaca Pangandaran', '#', 2, 1, '2018-12-21 16:09:11', '2018-12-22 18:20:49'),
(37, 1, 'Hot Promo', '#', 2, 2, '2018-12-21 16:09:35', '2018-12-22 18:21:00'),
(38, 1, 'Jepretan', '#', 2, 3, '2018-12-21 16:10:16', '2018-12-22 18:21:08'),
(39, 1, 'Panorama 360', '#', 2, 4, '2018-12-21 16:10:46', '2018-12-22 18:21:16'),
(40, 1, 'Destinasi', '#', 2, 5, '2018-12-21 16:11:12', '2018-12-22 18:21:24'),
(41, 1, 'Event', '#', 2, 6, '2018-12-21 16:12:22', '2018-12-22 18:21:31'),
(42, 1, 'Paket', '#', 2, 7, '2018-12-21 16:12:41', '2018-12-22 18:21:40'),
(43, 1, 'Tiket Wisata', '#', 2, 8, '2018-12-21 16:13:22', '2018-12-22 18:21:48'),
(44, 1, 'Tanya Jawab', '#', 2, 9, '2018-12-21 16:13:58', '2018-12-22 18:21:58'),
(51, 2, 'Politik', '#', 2, 4, '2018-12-22 16:12:23', '2018-12-23 17:08:35'),
(52, 2, 'Olah Raga', '#', 2, 5, '2018-12-22 16:22:16', '2018-12-23 17:08:35'),
(53, 2, 'Budaya', NULL, 2, 3, '2018-12-22 16:22:22', '2018-12-23 17:08:35'),
(54, 2, 'Pendidikan', NULL, 2, 2, '2018-12-22 16:22:30', '2018-12-23 17:08:35'),
(55, 2, 'Peristiwa', '#', 2, 1, '2018-12-22 16:22:57', '2018-12-23 17:08:35'),
(56, 2, 'Info', 'https://news.idpnd.com/cat/info-pangandaran', 2, 0, '2018-12-23 17:08:31', '2018-12-23 17:08:35');

-- --------------------------------------------------------

--
-- Struktur dari tabel `migrations`
--

CREATE TABLE `migrations` (
  `id` int(10) UNSIGNED NOT NULL,
  `migration` varchar(191) COLLATE utf8mb4_unicode_ci NOT NULL,
  `batch` int(11) NOT NULL
) ENGINE=InnoDB DEFAULT CHARSET=utf8mb4 COLLATE=utf8mb4_unicode_ci;

--
-- Dumping data untuk tabel `migrations`
--

INSERT INTO `migrations` (`id`, `migration`, `batch`) VALUES
(1, '2014_10_12_000000_create_users_table', 1),
(2, '2014_10_12_100000_create_password_resets_table', 1);

-- --------------------------------------------------------

--
-- Struktur dari tabel `password_resets`
--

CREATE TABLE `password_resets` (
  `email` varchar(191) COLLATE utf8mb4_unicode_ci NOT NULL,
  `token` varchar(191) COLLATE utf8mb4_unicode_ci NOT NULL,
  `created_at` timestamp NULL DEFAULT NULL
) ENGINE=InnoDB DEFAULT CHARSET=utf8mb4 COLLATE=utf8mb4_unicode_ci;

-- --------------------------------------------------------

--
-- Struktur dari tabel `photos`
--

CREATE TABLE `photos` (
  `id` bigint(20) NOT NULL,
  `filename` text NOT NULL,
  `created_at` datetime NOT NULL,
  `updated_at` datetime NOT NULL
) ENGINE=InnoDB DEFAULT CHARSET=latin1;

--
-- Dumping data untuk tabel `photos`
--

INSERT INTO `photos` (`id`, `filename`, `created_at`, `updated_at`) VALUES
(1, 'c81e728d9d4c2f636f067f89cc14862c_1545233848.jpg', '2018-12-19 22:37:29', '2018-12-19 22:37:29'),
(2, 'c81e728d9d4c2f636f067f89cc14862c_1545235545.jpg', '2018-12-19 23:05:46', '2018-12-19 23:05:46'),
(3, 'c81e728d9d4c2f636f067f89cc14862c_1545235564.jpg', '2018-12-19 23:06:05', '2018-12-19 23:06:05'),
(4, 'c81e728d9d4c2f636f067f89cc14862c_1545235579.jpg', '2018-12-19 23:06:20', '2018-12-19 23:06:20'),
(5, 'c81e728d9d4c2f636f067f89cc14862c_1545235590.jpg', '2018-12-19 23:06:33', '2018-12-19 23:06:33'),
(6, 'c81e728d9d4c2f636f067f89cc14862c_1545235605.jpg', '2018-12-19 23:06:50', '2018-12-19 23:06:50'),
(7, 'c81e728d9d4c2f636f067f89cc14862c_1545235637.jpg', '2018-12-19 23:07:18', '2018-12-19 23:07:18'),
(8, 'c81e728d9d4c2f636f067f89cc14862c_1545239105.jpg', '2018-12-20 00:05:06', '2018-12-20 00:05:06'),
(9, 'c81e728d9d4c2f636f067f89cc14862c_1545239184.jpg', '2018-12-20 00:06:26', '2018-12-20 00:06:26'),
(10, 'c81e728d9d4c2f636f067f89cc14862c_1545239206.jpg', '2018-12-20 00:06:49', '2018-12-20 00:06:49'),
(11, 'c81e728d9d4c2f636f067f89cc14862c_1545239223.jpg', '2018-12-20 00:07:04', '2018-12-20 00:07:04'),
(12, 'c81e728d9d4c2f636f067f89cc14862c_1545497332.jpg', '2018-12-22 23:48:53', '2018-12-22 23:48:53'),
(13, 'c81e728d9d4c2f636f067f89cc14862c_1545497559.jpg', '2018-12-22 23:52:40', '2018-12-22 23:52:40'),
(14, 'c81e728d9d4c2f636f067f89cc14862c_1545497598.jpg', '2018-12-22 23:53:19', '2018-12-22 23:53:19'),
(15, 'c81e728d9d4c2f636f067f89cc14862c_1545498236.jpg', '2018-12-23 00:03:57', '2018-12-23 00:03:57'),
(16, 'c81e728d9d4c2f636f067f89cc14862c_1545498250.jpg', '2018-12-23 00:04:10', '2018-12-23 00:04:10');

-- --------------------------------------------------------

--
-- Struktur dari tabel `posts`
--

CREATE TABLE `posts` (
  `id` bigint(20) UNSIGNED NOT NULL,
  `id_categorie` int(10) NOT NULL,
  `meta_description` longtext,
  `id_user` int(10) UNSIGNED NOT NULL,
  `title` varchar(100) NOT NULL,
  `url_title` varchar(191) NOT NULL,
  `content` longblob,
  `featured_image` text NOT NULL,
  `type_save` enum('draft','publish') NOT NULL,
  `code_time` varchar(191) NOT NULL,
  `created_at` datetime NOT NULL,
  `updated_at` datetime NOT NULL
) ENGINE=InnoDB DEFAULT CHARSET=latin1;

--
-- Dumping data untuk tabel `posts`
--

INSERT INTO `posts` (`id`, `id_categorie`, `meta_description`, `id_user`, `title`, `url_title`, `content`, `featured_image`, `type_save`, `code_time`, `created_at`, `updated_at`) VALUES
(1, 8, 'Lorem ipsum dolor sit amet, consectetur adipisicing elit. Asperiores facere rem nostrum molestiae. Minus, amet recusandae nam vel explicabo nisi error quaerat magnam excepturi veniam.', 2, 'Hello World', 'hello-world', 0x3c703e3c7374726f6e673e4c6f72656d20697073756d20646f6c6f722073697420616d65743c2f7374726f6e673e2c20636f6e7365637465747572206164697069736963696e6720656c69742e204173706572696f726573206661636572652072656d206e6f737472756d206d6f6c6573746961652e204d696e75732c20616d6574207265637573616e646165206e616d2076656c206578706c696361626f206e697369206572726f722071756165726174206d61676e616d206578636570747572692076656e69616d2e3c2f703e, 'c81e728d9d4c2f636f067f89cc14862c_1545239223.jpg', 'publish', '1545259102', '2018-12-20 05:39:21', '2018-12-23 01:49:34'),
(8, 5, 'Contrary to popular belief, Lorem Ipsum is not simply random text. It has roots in a piece of classical Latin literature from 45 BC, making it over 2000 years old.', 2, 'Contrary to popular belief, Lorem Ipsum is not simply random text', 'contrary-to-popular-belief-lorem-ipsum-is-not-simply-random-text', 0x3c703e436f6e747261727920746f20706f70756c61722062656c6965662c204c6f72656d20497073756d206973206e6f742073696d706c792072616e646f6d20746578742e2049742068617320726f6f747320696e2061207069656365206f6620636c6173736963616c204c6174696e206c6974657261747572652066726f6d2034352042432c206d616b696e67206974206f7665722032303030207965617273206f6c642e2052696368617264204d63436c696e746f636b2c2061204c6174696e2070726f666573736f722061742048616d7064656e2d5379646e657920436f6c6c65676520696e2056697267696e69612c206c6f6f6b6564207570206f6e65206f6620746865206d6f7265206f627363757265204c6174696e20776f7264732c20636f6e73656374657475722c2066726f6d2061204c6f72656d20497073756d20706173736167652c20616e6420676f696e67207468726f75676820746865206369746573206f662074686520776f726420696e20636c6173736963616c206c6974657261747572652c20646973636f76657265642074686520756e646f75627461626c6520736f757263652e3c2f703e3c703e4c6f72656d20497073756d20636f6d65732066726f6d2073656374696f6e7320312e31302e333220616e6420312e31302e3333206f66202671756f743b64652046696e6962757320426f6e6f72756d206574204d616c6f72756d2671756f743b20285468652045787472656d6573206f6620476f6f6420616e64204576696c292062792043696365726f2c207772697474656e20696e2034352042432e205468697320626f6f6b2069732061207472656174697365206f6e20746865207468656f7279206f66206574686963732c207665727920706f70756c617220647572696e67207468652052656e61697373616e63652e20546865206669727374206c696e65206f66204c6f72656d20497073756d2c202671756f743b4c6f72656d20697073756d20646f6c6f722073697420616d65742e2e2671756f743b2c20636f6d65732066726f6d2061206c696e6520696e2073656374696f6e20312e31302e33322e3c2f703e, 'c81e728d9d4c2f636f067f89cc14862c_1545235605.jpg', 'publish', '1545264139', '2018-12-20 07:02:59', '2018-12-22 22:43:00'),
(11, 3, 'Lorem ipsum dolor sit amet, consectetur adipisicing elit. Asperiores facere rem nostrum molestiae. Minus, amet recusandae nam vel explicabo nisi error quaerat magnam excepturi veniam.', 2, 'Hello ID Pangandaran', 'hello-id-pangandaran', 0x3c703e3c7374726f6e673e4c6f72656d20697073756d20646f6c6f722073697420616d65743c2f7374726f6e673e2c20636f6e7365637465747572206164697069736963696e6720656c69742e204173706572696f726573206661636572652072656d206e6f737472756d206d6f6c6573746961652e204d696e75732c20616d6574207265637573616e646165206e616d2076656c206578706c696361626f206e697369206572726f722071756165726174206d61676e616d206578636570747572692076656e69616d2e3c2f703e, 'c81e728d9d4c2f636f067f89cc14862c_1545239184.jpg', 'publish', '1545486307', '2018-12-22 20:52:59', '2018-12-23 01:50:10'),
(12, 13, 'Pantai Pangandaran merupakan salah satu pantai di Jawa Barat yang terkenal karena keindahan dari pemandangan yang diberikan, tidak sedikit wisatawan yang datang ke pantai ini selama musim liburan.', 2, 'Wisata Pantai Pangandaran Ciamis, Pantai Indah dan Menawan', 'wisata-pantai-pangandaran-ciamis-pantai-indah-dan-menawan', 0x3c703e50616e7461692050616e67616e646172616e206d65727570616b616e2073616c616820736174752070616e746169206469204a6177612042617261742079616e67207465726b656e616c206b6172656e61206b65696e646168616e20646172692070656d616e64616e67616e2079616e67206469626572696b616e2c20746964616b20736564696b69742077697361746177616e2079616e6720646174616e67206b652070616e74616920696e692073656c616d61206d7573696d206c69627572616e2e3c2f703e0a0a3c703e50616e7461692079616e67207465726c6574616b206469204b616275706174656e2050616e67616e646172616e2079616e67206d65727570616b616e2070656d656b6172616e2064617269206b616275706174656e204369616d69732064616e207465726c6574616b20646920736562656c61682074656e6767617261204a6177612042617261742c2074657061746e79612061646120646920646573612050616e67616e646172616e2c204b6563616d6174616e2050616e67616e646172616e2c2050726f76696e7369204a6177612042617261742e3c2f703e0a0a3c703e546964616b206b616c61682064656e67616e2050616e7461692047756e756e67204b6964756c2079616e672061646120646920596f6779616b617274612c2070656d616e64616e67616e2079616e67206469626572696b616e2073616e6761746c6168206d656d756b6175206d61746120736161742070657274616d61206b616c6920646174616e67206b652074656d70617420696e692c206465627572616e206f6d62616b2079616e67206d656d756b61752064616e206b65696e646168616e206b6170616c206e656c6179616e2073616174206d756c616920736f726520686172692e3c2f703e0a0a3c703e42616e79616b2077617267612073656b697461722079616e67206d656d696c696b69206d6174612070656e636168617269616e2073656261676169206e656c6179616e2c206d6572656b61206d656e6361726920696b616e2064692064656b61742050616e7461692050616e67616e646172616e2079616e672074656e74756e7961206d656e616d626168206b6573616e206b65696e646168616e2074657273656e6469726920626167692070616e7461692074657273656275742c206a6172696e672d6a6172696e672064617269206e656c6179616e206d756c6169206265727465626172616e2064696869617369207761726e612079616e6720756e696b2064616e20656c6f6b206a696b612064696c696861742064617269206b656a617568616e2e3c2f703e0a0a3c703e42616e79616b2077617267612073656b697461722079616e67206d656d696c696b69206d6174612070656e636168617269616e2073656261676169206e656c6179616e2c206d6572656b61206d656e6361726920696b616e2064692064656b61742050616e7461692050616e67616e646172616e2079616e672074656e74756e7961206d656e616d626168206b6573616e206b65696e646168616e2074657273656e6469726920626167692070616e7461692074657273656275742c206a6172696e672d6a6172696e672064617269206e656c6179616e206d756c6169206265727465626172616e2064696869617369207761726e612079616e6720756e696b2064616e20656c6f6b206a696b612064696c696861742064617269206b656a617568616e2e3c2f703e0a0a3c703e44692070616e74616920696e6920616e6461206a756761206461706174206d656e696b6d617469206265727365706564612079616e67207375646168206469736577616b616e20646973656b697461722074656d7061742074657273656275742073616d62696c206d656e696b6d61746920616e67696e206c6175742079616e672073656761722c20616461206a756761206a61736120756e74756b206e61696b206b6520706572616875207065736961722c206d656d616e63696e672c20706172617361696c696e672068696e676761206265726d61696e206a6574736b692c2073756e6767756820616b616e206d656d6275617420616e6461207365706572746920626572616461206469206c756172206e65676572692e3c2f703e0a0a3c703e556e696b6e7961206c6167692062616e79616b2070656e67696e6170616e2079616e6720646973656469616b616e2064692073656b697461722072756d61682077617267612079616e672074656e74756e79612064656b61742064656e67616e2062696269722070616e7461692c2070656e67696e6170616e2079616e67207465726c6968617420736564657268616e61206e616d756e206d656d696c696b692062616e67756e616e2079616e67206d6f6465726e2064616e2074656e74756e796120646973756775686b616e2064656e67616e206b65696e646168616e2070616e746169206e616e20656b736f74696b2e20416e6461206a75676120616b616e206469616e746172206f6c656820626563616b2d626563616b206b6861732050616e67616e646172616e2079616e6720616b616e206d656e67616e74617220616e646120646172692070656e67696e6170616e2068696e676761206d656e756a75206b652062656265726170612074656d7061742064692070616e74616920696e692e3c2f703e, 'c81e728d9d4c2f636f067f89cc14862c_1545497332.jpg', 'publish', '1545497100', '2018-12-22 23:49:11', '2018-12-22 23:49:11'),
(13, 13, 'Untuk tiket masuk Pantai Pangandaran terutama dari dinas pemerintah setempat dikenakan biaya tarif', 2, 'Tiket Masuk Wisata Pantai Pangandaran', 'tiket-masuk-wisata-pantai-pangandaran', 0x3c703e556e74756b2074696b6574206d6173756b2050616e7461692050616e67616e646172616e207465727574616d6120646172692064696e61732070656d6572696e74616820736574656d7061742064696b656e616b616e206269617961207461726966207365626167616920626572696b75743c2f703e0a0a3c6f6c3e0a093c6c693e50656a616c616e206b616b692040206f72616e67205270332e3030302c30303c2f6c693e0a093c6c693e536570656461206d6f746f7220527020372e3030302c30303c2f6c693e0a093c6c693e4a656570206174617520736564616e2052702032382e3030302c30303c2f6c693e0a093c6c693e4d6f62696c2043617272792052702033352e3030302c30303c2f6c693e0a093c6c693e4b656e64617261616e206b61706173697461732062657361722052702034302e3730302c30303c2f6c693e0a093c6c693e427573206d696e692052702038302e3030302c30303c2f6c693e0a093c6c693e42757320736564616e67205270203130342e3030302c30303c2f6c693e0a093c6c693e427573204265736172205270203136392e3030302c30303c2f6c693e0a3c2f6f6c3e0a0a3c703e48617267612064692061746173206164616c61682068617267612079616e6720746572626172752c206d756e676b696e20736577616b74752d77616b7475206164612070657275626168616e2074616e7061206164612070656d6265726974616875616e206c65626968206c616e6a75742e3c2f703e, 'c81e728d9d4c2f636f067f89cc14862c_1545497598.jpg', 'publish', '1545497382', '2018-12-22 23:52:45', '2018-12-22 23:53:23'),
(14, 13, 'Setiap tempat wisata khususnya pantai pasti memiliki spot-spot atau tempat untuk melihat pemandangan paling bagus dari tempat tersebut, untuk wisata Pangandaran sendiri memiliki 3 spot yang banyak dikunjungi oleh wisatawan yaitu Pantai Panannung, Pantai timur, dan tempat belanja Souvenir.', 2, 'Spot Pantai Pangandaran', 'spot-pantai-pangandaran', 0x3c703e5365746961702074656d70617420776973617461206b68757375736e79612070616e746169207061737469206d656d696c696b692073706f742d73706f7420617461752074656d70617420756e74756b206d656c696861742070656d616e64616e67616e2070616c696e6720626167757320646172692074656d7061742074657273656275742c20756e74756b207769736174612050616e67616e646172616e2073656e64697269206d656d696c696b6920332073706f742079616e672062616e79616b2064696b756e6a756e6769206f6c65682077697361746177616e2079616974752050616e7461692050616e616e6e756e672c2050616e7461692074696d75722c2064616e2074656d7061742062656c616e6a6120536f7576656e69722e3c2f703e3c703e3c7374726f6e673e50616e7461692050616e616e6a756e673c2f7374726f6e673e3c2f703e3c703e50616e7461692070616e616e6a756e672050616e67616e646172616e207465726c6574616b20646920736562656c61682062617261742070616e7461692064656e67616e206f6d62616b2079616e6720746964616b206265676974752062657361722073616e67617420636f636f6b206261676920616e64612079616e672073756b61206265726d61696e20646920706573697369722070616e7461692c2073656c61696e206974752064692070616e7461692070616e616e6a756e6720696e6920746572646170617420736562756168206b61776173616e207065726c696e64756e67616e207361747761206a61646920616e64612062697361206d656c6968617420626562657261706120686577616e2079616e672064696c696e64756e6769206f6c65682070656d6572696e746168206d756c61692064617269206d6f6e7965742c20727573612064616e206d617369682062616e79616b206c6167692e3c2f703e3c703e44692070616e7461692050616e616e6a756e67206a7567612074657264617061742047756120616c616d692064616e2062756174616e2c20756e74756b206775612062756174616e2073656e64697269206469627561742070616461206d6173612070656e6a616a6168616e204a6570616e672070616461207361617420706572616e672064756e6961206b652049492064616e20646967756e616b616e20736562616761692062756e676b657220756e74756b2062657262616761692074756a75616e2e3c2f703e3c703e546964616b2068616e7961206974752c2064692074656d70617420696e69206a7567612074657264617061742073616c616820736174752064657374696e6173692079616e67206c65626968206d656d756b6175206b656d62616c692c2079616974752073656275616820616972207465726a756e2079616e67206265726164612064692064656b61742070616e7461692070616e67616e646172616e2c206d656d616e6720746964616b206a61756820646172692070616e746169206e616d756e206b697461206861727573206d656e64616b692062756b69742c20736574656c61682062697361206b6520616972207465726a756e20696e69206b6974612062697361206d656c69686174206461726920617461732067756e756e6720616972207465726a756e2079616e6720696e6461682064616e206a7567612068616d706172616e20696e6461682064617269206c7561736e79612070616e7461692050616e616e6a756e672064692050616e67616e646172616e2c2074616b206a6172616e672062616e79616b2077697361746177616e2079616e67206d656e676164616b616e2063616d70696e672064692074656d70617420696e692e3c2f703e3c703e3c7374726f6e673e50616e7461692054696d75723c2f7374726f6e673e3c2f703e3c703e50616e7461692074696d7572207465726b656e616c2064656e67616e2074656d706174206b756c696e65726e79612079616e67206c656e676b61702c2074656e74756e7961206d656e752079616e6720646973656469616b616e2062657275706120616e656b6120686964616e67616e206c6175742079616e6720626567697475206c657a61742c2064692070616e7461692074696d75722050616e67616e646172616e20706172612077697361746177616e20616b616e206d656e696b6d61746920616e656b6120686964616e67616e206c6175742064696c656e676b6170692064656e67616e2070656d616e64616e67616e206c6175742079616e6720696e6461682e3c2f703e3c703e50616e7461692074696d75722070616e67616e646172616e206a756761207465726b656e616c20616b616e20706173617220696b616e2c2064692073696e692062616e79616b2073656b616c69206a75616c2062656c6920686577616e206c617574207465727574616d6120696b616e206c61757420646172692074616e676b6170616e206e656c6179616e2073656b697461722e2057697361746177616e206a7567612064617061742062657262656c616e6a612064692074656d70617420696e6920756e74756b206d656e696b6d61746920696b616e206c617574206b6861732050616e67616e646172616e2e3c2f703e3c703e3c7374726f6e673e54656d7061742042656c616e6a6120536f7576656e69723c2f7374726f6e673e3c2f703e3c703e54656d7061742077697361746120646920496e646f6e657369612073616e6761746c6168206b7572616e672061706162696c6120746964616b206d656d62656c69206f6c65682d6f6c6568206b68617320646172692074656d7061742074657273656275742c2064692050616e7461692050616e67616e646172616e206a75676120746572646170617420617265612062656c616e6a6120736f7576656e69722079616e67206c7561732074656e74756e79612073616e67617420646962757275206f6c65682077697361746177616e2c2070656d6572696e74616820736574656d706174206d656d6275617420617265612074657273656275742073656261676169206c6164616e67206d656e636172692072656a656b692064616e2070656e696e676b6174616e20656b6f6e6f6d69206d6173796172616b61742073656b697461722c2073656c61696e207065726e616b207065726e696b2064692074656d70617420696e69206a7567612062616e79616b206a75616c206f6c6568206f6c6568206d616b616e616e206b6861732050616e67616e646172616e2073616c616820736174756e79612079616e67207465726b656e616c206164616c6168204a616d62616c20526f7469206174617520696b616e206173696e2e3c2f703e, 'c81e728d9d4c2f636f067f89cc14862c_1545235579.jpg', 'publish', '1545497813', '2018-12-22 23:57:32', '2018-12-23 01:49:50'),
(15, 5, 'Gubernur Jawa Barat, Ridwan Kamil punya segudang rencana untuk benahi Jawa Barat. Kali ini pria yang biasa disapa Kang Emil ini berencana menyulap Pantai Pangandaran seperti pantai di Hawaii.', 2, 'Ridwan Kamil Akan Sulap Pantai Pangandaran Seperti Hawaii!', 'ridwan-kamil-akan-sulap-pantai-pangandaran-seperti-hawaii', 0x3c703e4a616b617274612c20434e424320496e646f6e65736961202d2047756265726e7572204a6177612042617261742c2052696477616e204b616d696c2070756e7961207365677564616e672072656e63616e6120756e74756b2062656e616869204a6177612042617261742e204b616c6920696e6920707269612079616e6720626961736120646973617061204b616e6720456d696c20696e6920626572656e63616e61206d656e79756c61702050616e7461692050616e67616e646172616e20736570657274692070616e746169206469204861776169692e3c2f703e3c703e4b616e6720456d696c2073617061616e20616b72616220756e74756b2047756265726e7572204a61776120426172617420696e692c20626572656e63616e6120616b616e206d657265766974616c69736173692050616e7461692050656e67616e646172616e2061676172206d656e6a61646920776973617461206b656c61732064756e69612e266e6273703b3c2f703e3c703e4b65726a6173616d6120616e746172612050656d70726f76204a616261722064616e2050656d6b61622050616e67616e646172616e20696e6920616b616e206d656e617461206a616c7572206b68757375732070656a616c616e206b616b692079616e672072696e64616e672064616e206e79616d616e2073657065727469205761696b696b69204265616368206469204861776169692e2044656e67616e20616e67676172616e205270203430206d696c6961722068696e676761205270203635206d696c6961722079616e67206469616d62696c206461726920415042442050726f70696e73692064616e2041504244204b61622050616e67616e646172616e2e3c2f703e3c703e3c6272202f3e48616c2069747520646973616d7061696b616e206d656c616c756920616b756e20496e7374616772616d204072696477616e6b616d696c2e266e6273703b3c2f703e3c703e3c696d6720616c743d222220636c6173733d22696d672d666c75696422207372633d2268747470733a2f2f6964706e642e636f6d2f696d616765732f70686f746f732f63383165373238643964346332663633366630363766383963633134383632635f313534353439383235302e6a706722207374796c653d226865696768743a35313270783b2077696474683a383130707822202f3e3c2f703e3c703e2671756f743b50414e5441492050414e47414e444152414e20616b616e2064697265766974616c69736173692064616e2064697461746120756e74756b206a61646920776973617461206b656c61732064756e69612e204b65726a6173616d612050656d70726f76204a616261722064616e2050656d6b61622050616e67616e646172616e2e20536570616e6a616e672067617269732070616e7461692074696d75722064616e2070616e74616920626172617420616b616e206469746174612c20646962657269206a616c75722070656a616c616e206b616b692079616e672072696e64616e672064616e206e79616d616e2e20496d7069616e6e79612073657065727469205761696b696b69204265616368206469204861776169692e204a75676120616b616e20646962616e67756e205075736174204275646179612053756e6461207365706572746920646920556275642042616c692e20416e67676172616e2034302d3635206d696c796172207275706961682c206461726920415042442050726f70696e73692064616e2041504244204b61622e2050616e67616e646172616e2c20616b616e20646962656c616e6a616b616e20756e74756b2070726f79656b20696e6920746168756e20323031392e266e6273703b2042616e64617261204e7573612057697275206a75676120616b616e2064692064657361696e20756c616e672061676172206c65626968206b6572656e2064616e206d656d62756b612070656e657262616e67616e206b652042616e64756e672061746175204a616b617274612e204a7567612074656e74756e796120696e69206d656c656e676b617069206a616c7572207265616b746976617369206a616c7572204b6572657461204170692064617269204a616b617274612d42616e64756e672d50616e67616e646172616e2e266e6273703b2053656c616e6a75746e79612070656e617461616e2070616e7461692d70616e7461692047617275742053656c6174616e2c2053756b6162756d692053656c6174616e20646c6c2e204d617269206b652070616e746169266e6273703b3c6272202f3e266e6273703b234a414241524a554152412e20666f746f3a20626572626167692073756d6265722e2671756f743b3c2f703e3c703e42616e79616b2077617267616e65742079616e67206d656e64756b756e672070726f79656b20696e692e207365706572746920616b756e204064756469737567616e64692c202671756f743b2041616d69696e2e2e2e53656d6f6761207365676572612074657265616c69736173692e2e62696b696e2070616e7461692064692042616e64756e67207465612e2671756f743b3c2f703e3c703e416b756e206c61696e6e79612c2040636879747261776964792c202671756f743b416c68616d64756c696c6c6168206e616e746920616b75206d7564696b6e7961206b652048617761692062756b616e206b652070616e67616e646172616e206c6167692e2671756f743b3c2f703e3c703e48696e6767612062657269746120696e6920646974756c69732c20756e67676168616e6e79612074656c616820646973756b6169206f6c6568203331332c38343320616b756e20696e7374616772616d2e3c2f703e, 'c81e728d9d4c2f636f067f89cc14862c_1545498236.jpg', 'draft', '1545498102', '2018-12-23 00:05:22', '2018-12-23 18:32:01');

-- --------------------------------------------------------

--
-- Struktur dari tabel `recent_categories_posts`
--

CREATE TABLE `recent_categories_posts` (
  `id` int(10) NOT NULL,
  `id_domain` int(10) NOT NULL,
  `id_categorie` int(10) NOT NULL,
  `id_post` int(10) NOT NULL,
  `created_at` datetime NOT NULL,
  `updated_at` datetime NOT NULL
) ENGINE=InnoDB DEFAULT CHARSET=latin1;

--
-- Dumping data untuk tabel `recent_categories_posts`
--

INSERT INTO `recent_categories_posts` (`id`, `id_domain`, `id_categorie`, `id_post`, `created_at`, `updated_at`) VALUES
(1, 2, 5, 15, '2018-12-23 01:48:38', '2018-12-23 01:48:38'),
(2, 2, 8, 1, '2018-12-23 01:49:35', '2018-12-23 01:49:35'),
(3, 1, 13, 14, '2018-12-23 01:49:50', '2018-12-23 01:49:50'),
(4, 1, 3, 11, '2018-12-23 01:50:10', '2018-12-23 01:50:10');

-- --------------------------------------------------------

--
-- Struktur dari tabel `users`
--

CREATE TABLE `users` (
  `id` int(10) UNSIGNED NOT NULL,
  `name` varchar(191) COLLATE utf8mb4_unicode_ci NOT NULL,
  `username` varchar(100) COLLATE utf8mb4_unicode_ci DEFAULT NULL,
  `email` varchar(191) COLLATE utf8mb4_unicode_ci NOT NULL,
  `password` varchar(191) COLLATE utf8mb4_unicode_ci NOT NULL,
  `remember_token` varchar(100) COLLATE utf8mb4_unicode_ci DEFAULT NULL,
  `created_at` timestamp NULL DEFAULT NULL,
  `updated_at` timestamp NULL DEFAULT NULL
) ENGINE=InnoDB DEFAULT CHARSET=utf8mb4 COLLATE=utf8mb4_unicode_ci;

--
-- Dumping data untuk tabel `users`
--

INSERT INTO `users` (`id`, `name`, `username`, `email`, `password`, `remember_token`, `created_at`, `updated_at`) VALUES
(1, 'admin', 'admin', 'aldhi_xar@yahoo.com', '$2y$10$VxkpitQ72uFGikA9shm.m.fgspykfW.DMm1Z2F3HPBEgrLKxnIMX6', 'SenY9t6INw4ovz242NBabhf5z84XgCi8n6Z7bbRyfT2gm8Xhou8TCSH7vAyG', '2018-11-06 18:28:37', '2018-11-06 18:28:37'),
(2, 'Dodo Sidodo', 'dodo', 'aldhi.x@gmail.com', '$2y$10$cfejkCNKebVANwdNL8VhM.3zI1MsGzqjDvIQWn3.LKvuDKMS9T9pu', 'gJR0eY6HXEgjoU5CsKJpJ6KLml303WPXqKyR33wVdCzu2v5PIHOJfWAPM2GM', '2018-11-06 19:11:06', '2018-11-06 19:11:06'),
(4, 'Airi AOV', 'airi', 'airi@gmail.com', '$2y$10$1PoTVqbsUqatA.qRaE4P.eIkdTH756vA/GupLoKT4k1.ZknkGNZEm', 'CoIOecNLSaL5puoBgbmIRm2rj0J9689fB5KB7PYq3BH44VmwKxoYSOuxV0b4', '2018-11-06 20:22:15', '2018-11-06 20:22:15'),
(5, 'Dodo', 'Sidodo', 'dodo.sidodo99@gmail.com', '$2y$10$tKYBUI/yatRtoJOKik6CteDUWyxhd4U6VIed9sSgSMzzb2aSgCxcG', '1oZboVwOaSoQ89LFOSTacGLCD5kTIvxR2USncdUKGiWUo0bG50qnaJU11A6M', '2018-12-07 09:32:48', '2018-12-07 09:32:48');

--
-- Indexes for dumped tables
--

--
-- Indexes for table `categories`
--
ALTER TABLE `categories`
  ADD PRIMARY KEY (`id`),
  ADD UNIQUE KEY `url_categorie` (`url_categorie`);

--
-- Indexes for table `domains`
--
ALTER TABLE `domains`
  ADD PRIMARY KEY (`id`),
  ADD UNIQUE KEY `domain` (`domain`);

--
-- Indexes for table `menus`
--
ALTER TABLE `menus`
  ADD PRIMARY KEY (`id`);

--
-- Indexes for table `migrations`
--
ALTER TABLE `migrations`
  ADD PRIMARY KEY (`id`);

--
-- Indexes for table `password_resets`
--
ALTER TABLE `password_resets`
  ADD KEY `password_resets_email_index` (`email`);

--
-- Indexes for table `photos`
--
ALTER TABLE `photos`
  ADD PRIMARY KEY (`id`);

--
-- Indexes for table `posts`
--
ALTER TABLE `posts`
  ADD PRIMARY KEY (`id`);

--
-- Indexes for table `recent_categories_posts`
--
ALTER TABLE `recent_categories_posts`
  ADD PRIMARY KEY (`id`);

--
-- Indexes for table `users`
--
ALTER TABLE `users`
  ADD PRIMARY KEY (`id`),
  ADD UNIQUE KEY `users_email_unique` (`email`),
  ADD UNIQUE KEY `username` (`username`);

--
-- AUTO_INCREMENT for dumped tables
--

--
-- AUTO_INCREMENT for table `categories`
--
ALTER TABLE `categories`
  MODIFY `id` int(10) NOT NULL AUTO_INCREMENT, AUTO_INCREMENT=14;
--
-- AUTO_INCREMENT for table `domains`
--
ALTER TABLE `domains`
  MODIFY `id` int(10) NOT NULL AUTO_INCREMENT, AUTO_INCREMENT=4;
--
-- AUTO_INCREMENT for table `menus`
--
ALTER TABLE `menus`
  MODIFY `id` int(10) NOT NULL AUTO_INCREMENT, AUTO_INCREMENT=57;
--
-- AUTO_INCREMENT for table `migrations`
--
ALTER TABLE `migrations`
  MODIFY `id` int(10) UNSIGNED NOT NULL AUTO_INCREMENT, AUTO_INCREMENT=3;
--
-- AUTO_INCREMENT for table `photos`
--
ALTER TABLE `photos`
  MODIFY `id` bigint(20) NOT NULL AUTO_INCREMENT, AUTO_INCREMENT=17;
--
-- AUTO_INCREMENT for table `posts`
--
ALTER TABLE `posts`
  MODIFY `id` bigint(20) UNSIGNED NOT NULL AUTO_INCREMENT, AUTO_INCREMENT=16;
--
-- AUTO_INCREMENT for table `recent_categories_posts`
--
ALTER TABLE `recent_categories_posts`
  MODIFY `id` int(10) NOT NULL AUTO_INCREMENT, AUTO_INCREMENT=5;
--
-- AUTO_INCREMENT for table `users`
--
ALTER TABLE `users`
  MODIFY `id` int(10) UNSIGNED NOT NULL AUTO_INCREMENT, AUTO_INCREMENT=6;
/*!40101 SET CHARACTER_SET_CLIENT=@OLD_CHARACTER_SET_CLIENT */;
/*!40101 SET CHARACTER_SET_RESULTS=@OLD_CHARACTER_SET_RESULTS */;
/*!40101 SET COLLATION_CONNECTION=@OLD_COLLATION_CONNECTION */;
